{"cameraMode":{"drawMode":0,"name":"Shaded","section":"Shading Mode"},"sceneLighting":false,"audioPlay":false,"sceneViewState":{"showFog":true,"showMaterialUpdate":false,"showSkybox":true,"showFlares":true,"showImageEffects":true,"showParticleSystems":true},"in2DMode":false,"pivot":{"x":0.15393900871276856,"y":0.6008728742599487,"z":0.11069469898939133},"rotation":{"x":0.05542801693081856,"y":0.7007145881652832,"z":-0.05476684495806694,"w":0.7091737985610962},"size":5.139655590057373,"orthographic":false}