{"cameraMode":{"drawMode":0,"name":"Shaded","section":"Shading Mode"},"sceneLighting":true,"audioPlay":false,"sceneViewState":{"showFog":true,"showMaterialUpdate":false,"showSkybox":true,"showFlares":true,"showImageEffects":true,"showParticleSystems":true},"in2DMode":false,"pivot":{"x":-3.0109848976135256,"y":1.4898512363433838,"z":1.7988290786743165},"rotation":{"x":0.35959672927856448,"y":0.0503525547683239,"z":-0.019437231123447419,"w":0.9315455555915833},"size":12.092267036437989,"orthographic":true}